{
    "H2": {
        "sto6g": {
            "QCC": {
                "# of evaluations": 10,
                "# of qubits": 4,
                "backend": "<neal.sampler.SimulatedAnnealingSampler object at 0x7faab99af590>",
                "error (%)": 62.97027817394449,
                "error (mHa)": 0.6895018455118469,
                "exact energy": -1.8620227522926933,
                "final parameters": {
                    