{
    "H2": {
        "sto6g": {
            "VQE": {
                "# of evaluations": 42,
                "# of qubits": 4,
                "backend": "qasm_simulator",
                "error (%)": 99.83281725972554,
                "error (mHa)": 0.0031129806618168665,
                "exact energy": -1.8620227522926913,
                "final parameters": [
                    -0.04633832948770982,
                    0.07529590814650167,
                    0.18377183048643306
                ],
                "min energies": [
                    -1.3556981293541335,
                    -0.6742426792102334,
                    -1.1076273628854119,
                    -0.9997470406615555,
                    -1.5951476986074722,
                    -0.7115095697870654,
                    -1.2483230206334968,
                    -1.3694187924701122,
                    -1.6361261342086397,
                    -1.6207390500080439,
                    -1.7122093058036139,
                    -1.7819327034793306,
                    -1.8654098187286259,
                    -1.8256847184932,
                    -1.8526168295623267,
                    -1.8179902375260788,
                    -1.8461058871480591,
                    -1.8401273000878562,
                    -1.8627613423842675,
                    -1.8593228716710017,
                    -1.865311158863142,
                    -1.8568546870072145,
                    -1.8562116289228303,
                    -1.8455861395646704,
                    -1.8460878342456806,
                    -1.846740312535637,
                    -1.8405647282539803,
                    -1.8479000305448943,
                    -1.8583705386173124,
                    -1.8551491382512624,
                    -1.8459965170389458,
                    -1.8315513928982148,
                    -1.841930118764647,
                    -1.829431031647976,
                    -1.835567279976623,
                    -1.8571805823511034,
                    -1.8528092066908826,
                    -1.8419339513487785,
                    -1.8502900083019131,
                    -1.8397246729481427,
                    -1.8590796182538913,
                    -1.8589097716308745
                ],
                "result energy (Ha)": -1.8589097716308745,
                "runtime": 4.69738507270813,
                "setup": {
                    "ansatz": "UCCSD",
                    "entanglement": null,
                    "entanglement_blocks": null,
                    "mapping": "JordanWignerMapper",
                    "optimizer": "COBYLA",
                    "repetitions": null,
                    "rotation blocks": null,
                    "skip_final_rotation_layer": null
                }
            }
        }
    },
    "H3": {
        "sto3g": {
            "VQE": {
                "# of evaluations": 109,
                "# of qubits": 6,
                "backend": "qasm_simulator",
                "error (%)": 92.58162085122841,
                "error (mHa)": 0.2104460536934183,
                "exact energy": -2.8368198695838567,
                "final parameters": [
                    -0.11196076376773603,
                    0.02257838390281943,
                    0.23381375703883353,
                    0.08538867967543864,
                    0.26266911960464084,
                    -0.021169000586384993,
                    0.061914433814778375,
                    0.2519197501496334
                ],
                "min energies": [
                    -2.2113970531752503,
                    -2.070801584542337,
                    -1.9369582554082612,
                    -2.200564832174871,
                    -1.9378355984851356,
                    -2.1136828984404814,
                    -2.1105781449618846,
                    -2.033076921008157,
                    -2.2047126115698648,
                    -2.294846089057078,
                    -2.14335293037592,
                    -2.0876460117294426,
                    -2.0492218905730173,
                    -2.3794514804060047,
                    -2.3733263197099586,
                    -2.2999899575774068,
                    -2.2220825678676226,
                    -2.4697550207466374,
                    -2.321764145652404,
                    -2.40347851895022,
                    -2.495952219191629,
                    -2.4811269202407344,
                    -2.471984522611454,
                    -2.510610620581276,
                    -2.258880025051073,
                    -2.3725229855872985,
                    -2.5029303598869634,
                    -2.5017721287463752,
                    -2.483496859121621,
                    -2.578025976089418,
                    -2.5860167016652853,
                    -2.501425926869056,
                    -2.5731245441383828,
                    -2.5768303582304575,
                    -2.56811076596583,
                    -2.5415336929576555,
                    -2.4362982021836475,
                    -2.538015402803297,
                    -2.58055751839074,
                    -2.5860403178441302,
                    -2.5861112181079826,
                    -2.5692045960917236,
                    -2.592870443769816,
                    -2.610307905608554,
                    -2.608745975346182,
                    -2.5845192576457983,
                    -2.6109807599861496,
                    -2.574189084863038,
                    -2.609099691572066,
                    -2.607063691876948,
                    -2.5951436725282226,
                    -2.5864222294161974,
                    -2.589141345493456,
                    -2.574315850615899,
                    -2.6255219939146133,
                    -2.607175460064358,
                    -2.6032436706406967,
                    -2.623809467082515,
                    -2.6053514395970665,
                    -2.606956822283899,
                    -2.598444854271581,
                    -2.5965211369089944,
                    -2.589715213724089,
                    -2.616453619727228,
                    -2.59960744233728,
                    -2.6019356255493387,
                    -2.6193832474133605,
                    -2.622814248997263,
                    -2.598217947965243,
                    -2.6297585620578077,
                    -2.600365931517645,
                    -2.597931498147871,
                    -2.611741219260911,
                    -2.612202043244674,
                    -2.6307972807080158,
                    -2.6049052731276765,
                    -2.5987523880467145,
                    -2.6275417662360097,
                    -2.6301494728185606,
                    -2.6158151485135415,
                    -2.595711645822926,
                    -2.621023283444352,
                    -2.625968086006806,
                    -2.60438729886515,
                    -2.6228728160634005,
                    -2.5955865233156787,
                    -2.593053368659955,
                    -2.622757765285401,
                    -2.5872003815067823,
                    -2.605364239107012,
                    -2.6142190689101668,
                    -2.6047153411976134,
                    -2.59440903588666,
                    -2.616780692097856,
                    -2.616058014758991,
                    -2.5828862757542703,
                    -2.607914665673213,
                    -2.6276089998676375,
                    -2.608276792567433,
                    -2.5926281334198915,
                    -2.5984288352163785,
                    -2.6027945721160064,
                    -2.5966343898082416,
                    -2.6083904242608953,
                    -2.630125302388102,
                    -2.5831729202419553,
                    -2.600761620284878,
                    -2.6034745080653545,
                    -2.6263738158904384
                ],